[
{
    "model": "hosts.hostlanguage",
    "pk": 1,
    "fields": {
        "title": "English"
    }
},
{
    "model": "hosts.hostlanguage",
    "pk": 2,
    "fields": {
        "title": "Burmese"
    }
},
{
    "model": "hosts.hostlanguagerelationship",
    "pk": 1,
    "fields": {
        "host_page": 8,
        "host_languages": 2
    }
},
{
    "model": "hosts.hostlanguagerelationship",
    "pk": 2,
    "fields": {
        "host_page": 8,
        "host_languages": 1
    }
},
{
    "model": "wagtailcore.site",
    "pk": 2,
    "fields": {
        "hostname": "localhost",
        "port": 8081,
        "site_name": null,
        "root_page": 3,
        "is_default_site": true
    }
},
{
    "model": "wagtailcore.collection",
    "pk": 1,
    "fields": {
        "path": "0001",
        "depth": 1,
        "numchild": 0,
        "name": "Root"
    }
},
{
    "model": "contenttypes.contenttype",
    "pk": 1,
    "fields": {
        "app_label": "wagtailcore",
        "model": "page"
    }
},
{
    "model": "contenttypes.contenttype",
    "pk": 2,
    "fields": {
        "app_label": "wagtailimages",
        "model": "image"
    }
},
{
    "model": "contenttypes.contenttype",
    "pk": 3,
    "fields": {
        "app_label": "wagtailadmin",
        "model": "admin"
    }
},
{
    "model": "contenttypes.contenttype",
    "pk": 4,
    "fields": {
        "app_label": "wagtaildocs",
        "model": "document"
    }
},
{
    "model": "contenttypes.contenttype",
    "pk": 5,
    "fields": {
        "app_label": "home",
        "model": "homepage"
    }
},
{
    "model": "contenttypes.contenttype",
    "pk": 6,
    "fields": {
        "app_label": "places",
        "model": "placeindexpage"
    }
},
{
    "model": "contenttypes.contenttype",
    "pk": 7,
    "fields": {
        "app_label": "places",
        "model": "placepage"
    }
},
{
    "model": "contenttypes.contenttype",
    "pk": 8,
    "fields": {
        "app_label": "hosts",
        "model": "hostindexpage"
    }
},
{
    "model": "contenttypes.contenttype",
    "pk": 9,
    "fields": {
        "app_label": "hosts",
        "model": "hostpage"
    }
},
{
    "model": "contenttypes.contenttype",
    "pk": 10,
    "fields": {
        "app_label": "hosts",
        "model": "hostlanguage"
    }
},
{
    "model": "contenttypes.contenttype",
    "pk": 11,
    "fields": {
        "app_label": "hosts",
        "model": "hostlanguagerelationship"
    }
},
{
    "model": "contenttypes.contenttype",
    "pk": 12,
    "fields": {
        "app_label": "experiences",
        "model": "experienceindexpage"
    }
},
{
    "model": "contenttypes.contenttype",
    "pk": 13,
    "fields": {
        "app_label": "experiences",
        "model": "experiencepage"
    }
},
{
    "model": "contenttypes.contenttype",
    "pk": 14,
    "fields": {
        "app_label": "blog",
        "model": "blogpage"
    }
},
{
    "model": "contenttypes.contenttype",
    "pk": 15,
    "fields": {
        "app_label": "blog",
        "model": "blogindexpage"
    }
},
{
    "model": "contenttypes.contenttype",
    "pk": 16,
    "fields": {
        "app_label": "bookings",
        "model": "booking"
    }
},
{
    "model": "contenttypes.contenttype",
    "pk": 17,
    "fields": {
        "app_label": "bookings",
        "model": "bookingslot"
    }
},
{
    "model": "contenttypes.contenttype",
    "pk": 18,
    "fields": {
        "app_label": "bookings",
        "model": "bookingslotrequest"
    }
},
{
    "model": "contenttypes.contenttype",
    "pk": 19,
    "fields": {
        "app_label": "wagtailsearchpromotions",
        "model": "searchpromotion"
    }
},
{
    "model": "contenttypes.contenttype",
    "pk": 20,
    "fields": {
        "app_label": "wagtailforms",
        "model": "formsubmission"
    }
},
{
    "model": "contenttypes.contenttype",
    "pk": 21,
    "fields": {
        "app_label": "wagtailredirects",
        "model": "redirect"
    }
},
{
    "model": "contenttypes.contenttype",
    "pk": 22,
    "fields": {
        "app_label": "wagtailembeds",
        "model": "embed"
    }
},
{
    "model": "contenttypes.contenttype",
    "pk": 23,
    "fields": {
        "app_label": "wagtailusers",
        "model": "userprofile"
    }
},
{
    "model": "contenttypes.contenttype",
    "pk": 24,
    "fields": {
        "app_label": "wagtailimages",
        "model": "rendition"
    }
},
{
    "model": "contenttypes.contenttype",
    "pk": 25,
    "fields": {
        "app_label": "wagtailsearch",
        "model": "query"
    }
},
{
    "model": "contenttypes.contenttype",
    "pk": 26,
    "fields": {
        "app_label": "wagtailsearch",
        "model": "querydailyhits"
    }
},
{
    "model": "contenttypes.contenttype",
    "pk": 27,
    "fields": {
        "app_label": "wagtailcore",
        "model": "grouppagepermission"
    }
},
{
    "model": "contenttypes.contenttype",
    "pk": 28,
    "fields": {
        "app_label": "wagtailcore",
        "model": "pagerevision"
    }
},
{
    "model": "contenttypes.contenttype",
    "pk": 29,
    "fields": {
        "app_label": "wagtailcore",
        "model": "pageviewrestriction"
    }
},
{
    "model": "contenttypes.contenttype",
    "pk": 30,
    "fields": {
        "app_label": "wagtailcore",
        "model": "site"
    }
},
{
    "model": "contenttypes.contenttype",
    "pk": 31,
    "fields": {
        "app_label": "wagtailcore",
        "model": "collection"
    }
},
{
    "model": "contenttypes.contenttype",
    "pk": 32,
    "fields": {
        "app_label": "wagtailcore",
        "model": "groupcollectionpermission"
    }
},
{
    "model": "contenttypes.contenttype",
    "pk": 33,
    "fields": {
        "app_label": "wagtailcore",
        "model": "collectionviewrestriction"
    }
},
{
    "model": "contenttypes.contenttype",
    "pk": 34,
    "fields": {
        "app_label": "taggit",
        "model": "tag"
    }
},
{
    "model": "contenttypes.contenttype",
    "pk": 35,
    "fields": {
        "app_label": "taggit",
        "model": "taggeditem"
    }
},
{
    "model": "contenttypes.contenttype",
    "pk": 36,
    "fields": {
        "app_label": "admin",
        "model": "logentry"
    }
},
{
    "model": "contenttypes.contenttype",
    "pk": 37,
    "fields": {
        "app_label": "auth",
        "model": "permission"
    }
},
{
    "model": "contenttypes.contenttype",
    "pk": 38,
    "fields": {
        "app_label": "auth",
        "model": "group"
    }
},
{
    "model": "contenttypes.contenttype",
    "pk": 39,
    "fields": {
        "app_label": "auth",
        "model": "user"
    }
},
{
    "model": "contenttypes.contenttype",
    "pk": 40,
    "fields": {
        "app_label": "contenttypes",
        "model": "contenttype"
    }
},
{
    "model": "contenttypes.contenttype",
    "pk": 41,
    "fields": {
        "app_label": "sessions",
        "model": "session"
    }
},
{
    "model": "auth.permission",
    "pk": 1,
    "fields": {
        "name": "Can add image",
        "content_type": 2,
        "codename": "add_image"
    }
},
{
    "model": "auth.permission",
    "pk": 2,
    "fields": {
        "name": "Can change image",
        "content_type": 2,
        "codename": "change_image"
    }
},
{
    "model": "auth.permission",
    "pk": 3,
    "fields": {
        "name": "Can delete image",
        "content_type": 2,
        "codename": "delete_image"
    }
},
{
    "model": "auth.permission",
    "pk": 4,
    "fields": {
        "name": "Can access Wagtail admin",
        "content_type": 3,
        "codename": "access_admin"
    }
},
{
    "model": "auth.permission",
    "pk": 5,
    "fields": {
        "name": "Can add document",
        "content_type": 4,
        "codename": "add_document"
    }
},
{
    "model": "auth.permission",
    "pk": 6,
    "fields": {
        "name": "Can change document",
        "content_type": 4,
        "codename": "change_document"
    }
},
{
    "model": "auth.permission",
    "pk": 7,
    "fields": {
        "name": "Can delete document",
        "content_type": 4,
        "codename": "delete_document"
    }
},
{
    "model": "auth.permission",
    "pk": 8,
    "fields": {
        "name": "Can add home page",
        "content_type": 5,
        "codename": "add_homepage"
    }
},
{
    "model": "auth.permission",
    "pk": 9,
    "fields": {
        "name": "Can change home page",
        "content_type": 5,
        "codename": "change_homepage"
    }
},
{
    "model": "auth.permission",
    "pk": 10,
    "fields": {
        "name": "Can delete home page",
        "content_type": 5,
        "codename": "delete_homepage"
    }
},
{
    "model": "auth.permission",
    "pk": 11,
    "fields": {
        "name": "Can add place index page",
        "content_type": 6,
        "codename": "add_placeindexpage"
    }
},
{
    "model": "auth.permission",
    "pk": 12,
    "fields": {
        "name": "Can change place index page",
        "content_type": 6,
        "codename": "change_placeindexpage"
    }
},
{
    "model": "auth.permission",
    "pk": 13,
    "fields": {
        "name": "Can delete place index page",
        "content_type": 6,
        "codename": "delete_placeindexpage"
    }
},
{
    "model": "auth.permission",
    "pk": 14,
    "fields": {
        "name": "Can add place page",
        "content_type": 7,
        "codename": "add_placepage"
    }
},
{
    "model": "auth.permission",
    "pk": 15,
    "fields": {
        "name": "Can change place page",
        "content_type": 7,
        "codename": "change_placepage"
    }
},
{
    "model": "auth.permission",
    "pk": 16,
    "fields": {
        "name": "Can delete place page",
        "content_type": 7,
        "codename": "delete_placepage"
    }
},
{
    "model": "auth.permission",
    "pk": 17,
    "fields": {
        "name": "Can add host index page",
        "content_type": 8,
        "codename": "add_hostindexpage"
    }
},
{
    "model": "auth.permission",
    "pk": 18,
    "fields": {
        "name": "Can change host index page",
        "content_type": 8,
        "codename": "change_hostindexpage"
    }
},
{
    "model": "auth.permission",
    "pk": 19,
    "fields": {
        "name": "Can delete host index page",
        "content_type": 8,
        "codename": "delete_hostindexpage"
    }
},
{
    "model": "auth.permission",
    "pk": 20,
    "fields": {
        "name": "Can add host page",
        "content_type": 9,
        "codename": "add_hostpage"
    }
},
{
    "model": "auth.permission",
    "pk": 21,
    "fields": {
        "name": "Can change host page",
        "content_type": 9,
        "codename": "change_hostpage"
    }
},
{
    "model": "auth.permission",
    "pk": 22,
    "fields": {
        "name": "Can delete host page",
        "content_type": 9,
        "codename": "delete_hostpage"
    }
},
{
    "model": "auth.permission",
    "pk": 23,
    "fields": {
        "name": "Can add Language",
        "content_type": 10,
        "codename": "add_hostlanguage"
    }
},
{
    "model": "auth.permission",
    "pk": 24,
    "fields": {
        "name": "Can change Language",
        "content_type": 10,
        "codename": "change_hostlanguage"
    }
},
{
    "model": "auth.permission",
    "pk": 25,
    "fields": {
        "name": "Can delete Language",
        "content_type": 10,
        "codename": "delete_hostlanguage"
    }
},
{
    "model": "auth.permission",
    "pk": 26,
    "fields": {
        "name": "Can add host language relationship",
        "content_type": 11,
        "codename": "add_hostlanguagerelationship"
    }
},
{
    "model": "auth.permission",
    "pk": 27,
    "fields": {
        "name": "Can change host language relationship",
        "content_type": 11,
        "codename": "change_hostlanguagerelationship"
    }
},
{
    "model": "auth.permission",
    "pk": 28,
    "fields": {
        "name": "Can delete host language relationship",
        "content_type": 11,
        "codename": "delete_hostlanguagerelationship"
    }
},
{
    "model": "auth.permission",
    "pk": 29,
    "fields": {
        "name": "Can add experience index page",
        "content_type": 12,
        "codename": "add_experienceindexpage"
    }
},
{
    "model": "auth.permission",
    "pk": 30,
    "fields": {
        "name": "Can change experience index page",
        "content_type": 12,
        "codename": "change_experienceindexpage"
    }
},
{
    "model": "auth.permission",
    "pk": 31,
    "fields": {
        "name": "Can delete experience index page",
        "content_type": 12,
        "codename": "delete_experienceindexpage"
    }
},
{
    "model": "auth.permission",
    "pk": 32,
    "fields": {
        "name": "Can add experience page",
        "content_type": 13,
        "codename": "add_experiencepage"
    }
},
{
    "model": "auth.permission",
    "pk": 33,
    "fields": {
        "name": "Can change experience page",
        "content_type": 13,
        "codename": "change_experiencepage"
    }
},
{
    "model": "auth.permission",
    "pk": 34,
    "fields": {
        "name": "Can delete experience page",
        "content_type": 13,
        "codename": "delete_experiencepage"
    }
},
{
    "model": "auth.permission",
    "pk": 35,
    "fields": {
        "name": "Can add blog page",
        "content_type": 14,
        "codename": "add_blogpage"
    }
},
{
    "model": "auth.permission",
    "pk": 36,
    "fields": {
        "name": "Can change blog page",
        "content_type": 14,
        "codename": "change_blogpage"
    }
},
{
    "model": "auth.permission",
    "pk": 37,
    "fields": {
        "name": "Can delete blog page",
        "content_type": 14,
        "codename": "delete_blogpage"
    }
},
{
    "model": "auth.permission",
    "pk": 38,
    "fields": {
        "name": "Can add blog index page",
        "content_type": 15,
        "codename": "add_blogindexpage"
    }
},
{
    "model": "auth.permission",
    "pk": 39,
    "fields": {
        "name": "Can change blog index page",
        "content_type": 15,
        "codename": "change_blogindexpage"
    }
},
{
    "model": "auth.permission",
    "pk": 40,
    "fields": {
        "name": "Can delete blog index page",
        "content_type": 15,
        "codename": "delete_blogindexpage"
    }
},
{
    "model": "auth.permission",
    "pk": 41,
    "fields": {
        "name": "Can add booking",
        "content_type": 16,
        "codename": "add_booking"
    }
},
{
    "model": "auth.permission",
    "pk": 42,
    "fields": {
        "name": "Can change booking",
        "content_type": 16,
        "codename": "change_booking"
    }
},
{
    "model": "auth.permission",
    "pk": 43,
    "fields": {
        "name": "Can delete booking",
        "content_type": 16,
        "codename": "delete_booking"
    }
},
{
    "model": "auth.permission",
    "pk": 44,
    "fields": {
        "name": "Can add booking slot",
        "content_type": 17,
        "codename": "add_bookingslot"
    }
},
{
    "model": "auth.permission",
    "pk": 45,
    "fields": {
        "name": "Can change booking slot",
        "content_type": 17,
        "codename": "change_bookingslot"
    }
},
{
    "model": "auth.permission",
    "pk": 46,
    "fields": {
        "name": "Can delete booking slot",
        "content_type": 17,
        "codename": "delete_bookingslot"
    }
},
{
    "model": "auth.permission",
    "pk": 47,
    "fields": {
        "name": "Can add booking slot request",
        "content_type": 18,
        "codename": "add_bookingslotrequest"
    }
},
{
    "model": "auth.permission",
    "pk": 48,
    "fields": {
        "name": "Can change booking slot request",
        "content_type": 18,
        "codename": "change_bookingslotrequest"
    }
},
{
    "model": "auth.permission",
    "pk": 49,
    "fields": {
        "name": "Can delete booking slot request",
        "content_type": 18,
        "codename": "delete_bookingslotrequest"
    }
},
{
    "model": "auth.permission",
    "pk": 50,
    "fields": {
        "name": "Can add search promotion",
        "content_type": 19,
        "codename": "add_searchpromotion"
    }
},
{
    "model": "auth.permission",
    "pk": 51,
    "fields": {
        "name": "Can change search promotion",
        "content_type": 19,
        "codename": "change_searchpromotion"
    }
},
{
    "model": "auth.permission",
    "pk": 52,
    "fields": {
        "name": "Can delete search promotion",
        "content_type": 19,
        "codename": "delete_searchpromotion"
    }
},
{
    "model": "auth.permission",
    "pk": 53,
    "fields": {
        "name": "Can add form submission",
        "content_type": 20,
        "codename": "add_formsubmission"
    }
},
{
    "model": "auth.permission",
    "pk": 54,
    "fields": {
        "name": "Can change form submission",
        "content_type": 20,
        "codename": "change_formsubmission"
    }
},
{
    "model": "auth.permission",
    "pk": 55,
    "fields": {
        "name": "Can delete form submission",
        "content_type": 20,
        "codename": "delete_formsubmission"
    }
},
{
    "model": "auth.permission",
    "pk": 56,
    "fields": {
        "name": "Can add redirect",
        "content_type": 21,
        "codename": "add_redirect"
    }
},
{
    "model": "auth.permission",
    "pk": 57,
    "fields": {
        "name": "Can change redirect",
        "content_type": 21,
        "codename": "change_redirect"
    }
},
{
    "model": "auth.permission",
    "pk": 58,
    "fields": {
        "name": "Can delete redirect",
        "content_type": 21,
        "codename": "delete_redirect"
    }
},
{
    "model": "auth.permission",
    "pk": 59,
    "fields": {
        "name": "Can add embed",
        "content_type": 22,
        "codename": "add_embed"
    }
},
{
    "model": "auth.permission",
    "pk": 60,
    "fields": {
        "name": "Can change embed",
        "content_type": 22,
        "codename": "change_embed"
    }
},
{
    "model": "auth.permission",
    "pk": 61,
    "fields": {
        "name": "Can delete embed",
        "content_type": 22,
        "codename": "delete_embed"
    }
},
{
    "model": "auth.permission",
    "pk": 62,
    "fields": {
        "name": "Can add user profile",
        "content_type": 23,
        "codename": "add_userprofile"
    }
},
{
    "model": "auth.permission",
    "pk": 63,
    "fields": {
        "name": "Can change user profile",
        "content_type": 23,
        "codename": "change_userprofile"
    }
},
{
    "model": "auth.permission",
    "pk": 64,
    "fields": {
        "name": "Can delete user profile",
        "content_type": 23,
        "codename": "delete_userprofile"
    }
},
{
    "model": "auth.permission",
    "pk": 65,
    "fields": {
        "name": "Can add rendition",
        "content_type": 24,
        "codename": "add_rendition"
    }
},
{
    "model": "auth.permission",
    "pk": 66,
    "fields": {
        "name": "Can change rendition",
        "content_type": 24,
        "codename": "change_rendition"
    }
},
{
    "model": "auth.permission",
    "pk": 67,
    "fields": {
        "name": "Can delete rendition",
        "content_type": 24,
        "codename": "delete_rendition"
    }
},
{
    "model": "auth.permission",
    "pk": 68,
    "fields": {
        "name": "Can add query",
        "content_type": 25,
        "codename": "add_query"
    }
},
{
    "model": "auth.permission",
    "pk": 69,
    "fields": {
        "name": "Can change query",
        "content_type": 25,
        "codename": "change_query"
    }
},
{
    "model": "auth.permission",
    "pk": 70,
    "fields": {
        "name": "Can delete query",
        "content_type": 25,
        "codename": "delete_query"
    }
},
{
    "model": "auth.permission",
    "pk": 71,
    "fields": {
        "name": "Can add Query Daily Hits",
        "content_type": 26,
        "codename": "add_querydailyhits"
    }
},
{
    "model": "auth.permission",
    "pk": 72,
    "fields": {
        "name": "Can change Query Daily Hits",
        "content_type": 26,
        "codename": "change_querydailyhits"
    }
},
{
    "model": "auth.permission",
    "pk": 73,
    "fields": {
        "name": "Can delete Query Daily Hits",
        "content_type": 26,
        "codename": "delete_querydailyhits"
    }
},
{
    "model": "auth.permission",
    "pk": 74,
    "fields": {
        "name": "Can add page",
        "content_type": 1,
        "codename": "add_page"
    }
},
{
    "model": "auth.permission",
    "pk": 75,
    "fields": {
        "name": "Can change page",
        "content_type": 1,
        "codename": "change_page"
    }
},
{
    "model": "auth.permission",
    "pk": 76,
    "fields": {
        "name": "Can delete page",
        "content_type": 1,
        "codename": "delete_page"
    }
},
{
    "model": "auth.permission",
    "pk": 77,
    "fields": {
        "name": "Can add group page permission",
        "content_type": 27,
        "codename": "add_grouppagepermission"
    }
},
{
    "model": "auth.permission",
    "pk": 78,
    "fields": {
        "name": "Can change group page permission",
        "content_type": 27,
        "codename": "change_grouppagepermission"
    }
},
{
    "model": "auth.permission",
    "pk": 79,
    "fields": {
        "name": "Can delete group page permission",
        "content_type": 27,
        "codename": "delete_grouppagepermission"
    }
},
{
    "model": "auth.permission",
    "pk": 80,
    "fields": {
        "name": "Can add page revision",
        "content_type": 28,
        "codename": "add_pagerevision"
    }
},
{
    "model": "auth.permission",
    "pk": 81,
    "fields": {
        "name": "Can change page revision",
        "content_type": 28,
        "codename": "change_pagerevision"
    }
},
{
    "model": "auth.permission",
    "pk": 82,
    "fields": {
        "name": "Can delete page revision",
        "content_type": 28,
        "codename": "delete_pagerevision"
    }
},
{
    "model": "auth.permission",
    "pk": 83,
    "fields": {
        "name": "Can add page view restriction",
        "content_type": 29,
        "codename": "add_pageviewrestriction"
    }
},
{
    "model": "auth.permission",
    "pk": 84,
    "fields": {
        "name": "Can change page view restriction",
        "content_type": 29,
        "codename": "change_pageviewrestriction"
    }
},
{
    "model": "auth.permission",
    "pk": 85,
    "fields": {
        "name": "Can delete page view restriction",
        "content_type": 29,
        "codename": "delete_pageviewrestriction"
    }
},
{
    "model": "auth.permission",
    "pk": 86,
    "fields": {
        "name": "Can add site",
        "content_type": 30,
        "codename": "add_site"
    }
},
{
    "model": "auth.permission",
    "pk": 87,
    "fields": {
        "name": "Can change site",
        "content_type": 30,
        "codename": "change_site"
    }
},
{
    "model": "auth.permission",
    "pk": 88,
    "fields": {
        "name": "Can delete site",
        "content_type": 30,
        "codename": "delete_site"
    }
},
{
    "model": "auth.permission",
    "pk": 89,
    "fields": {
        "name": "Can add collection",
        "content_type": 31,
        "codename": "add_collection"
    }
},
{
    "model": "auth.permission",
    "pk": 90,
    "fields": {
        "name": "Can change collection",
        "content_type": 31,
        "codename": "change_collection"
    }
},
{
    "model": "auth.permission",
    "pk": 91,
    "fields": {
        "name": "Can delete collection",
        "content_type": 31,
        "codename": "delete_collection"
    }
},
{
    "model": "auth.permission",
    "pk": 92,
    "fields": {
        "name": "Can add group collection permission",
        "content_type": 32,
        "codename": "add_groupcollectionpermission"
    }
},
{
    "model": "auth.permission",
    "pk": 93,
    "fields": {
        "name": "Can change group collection permission",
        "content_type": 32,
        "codename": "change_groupcollectionpermission"
    }
},
{
    "model": "auth.permission",
    "pk": 94,
    "fields": {
        "name": "Can delete group collection permission",
        "content_type": 32,
        "codename": "delete_groupcollectionpermission"
    }
},
{
    "model": "auth.permission",
    "pk": 95,
    "fields": {
        "name": "Can add collection view restriction",
        "content_type": 33,
        "codename": "add_collectionviewrestriction"
    }
},
{
    "model": "auth.permission",
    "pk": 96,
    "fields": {
        "name": "Can change collection view restriction",
        "content_type": 33,
        "codename": "change_collectionviewrestriction"
    }
},
{
    "model": "auth.permission",
    "pk": 97,
    "fields": {
        "name": "Can delete collection view restriction",
        "content_type": 33,
        "codename": "delete_collectionviewrestriction"
    }
},
{
    "model": "auth.permission",
    "pk": 98,
    "fields": {
        "name": "Can add Tag",
        "content_type": 34,
        "codename": "add_tag"
    }
},
{
    "model": "auth.permission",
    "pk": 99,
    "fields": {
        "name": "Can change Tag",
        "content_type": 34,
        "codename": "change_tag"
    }
},
{
    "model": "auth.permission",
    "pk": 100,
    "fields": {
        "name": "Can delete Tag",
        "content_type": 34,
        "codename": "delete_tag"
    }
},
{
    "model": "auth.permission",
    "pk": 101,
    "fields": {
        "name": "Can add Tagged Item",
        "content_type": 35,
        "codename": "add_taggeditem"
    }
},
{
    "model": "auth.permission",
    "pk": 102,
    "fields": {
        "name": "Can change Tagged Item",
        "content_type": 35,
        "codename": "change_taggeditem"
    }
},
{
    "model": "auth.permission",
    "pk": 103,
    "fields": {
        "name": "Can delete Tagged Item",
        "content_type": 35,
        "codename": "delete_taggeditem"
    }
},
{
    "model": "auth.permission",
    "pk": 104,
    "fields": {
        "name": "Can add log entry",
        "content_type": 36,
        "codename": "add_logentry"
    }
},
{
    "model": "auth.permission",
    "pk": 105,
    "fields": {
        "name": "Can change log entry",
        "content_type": 36,
        "codename": "change_logentry"
    }
},
{
    "model": "auth.permission",
    "pk": 106,
    "fields": {
        "name": "Can delete log entry",
        "content_type": 36,
        "codename": "delete_logentry"
    }
},
{
    "model": "auth.permission",
    "pk": 107,
    "fields": {
        "name": "Can add permission",
        "content_type": 37,
        "codename": "add_permission"
    }
},
{
    "model": "auth.permission",
    "pk": 108,
    "fields": {
        "name": "Can change permission",
        "content_type": 37,
        "codename": "change_permission"
    }
},
{
    "model": "auth.permission",
    "pk": 109,
    "fields": {
        "name": "Can delete permission",
        "content_type": 37,
        "codename": "delete_permission"
    }
},
{
    "model": "auth.permission",
    "pk": 110,
    "fields": {
        "name": "Can add group",
        "content_type": 38,
        "codename": "add_group"
    }
},
{
    "model": "auth.permission",
    "pk": 111,
    "fields": {
        "name": "Can change group",
        "content_type": 38,
        "codename": "change_group"
    }
},
{
    "model": "auth.permission",
    "pk": 112,
    "fields": {
        "name": "Can delete group",
        "content_type": 38,
        "codename": "delete_group"
    }
},
{
    "model": "auth.permission",
    "pk": 113,
    "fields": {
        "name": "Can add user",
        "content_type": 39,
        "codename": "add_user"
    }
},
{
    "model": "auth.permission",
    "pk": 114,
    "fields": {
        "name": "Can change user",
        "content_type": 39,
        "codename": "change_user"
    }
},
{
    "model": "auth.permission",
    "pk": 115,
    "fields": {
        "name": "Can delete user",
        "content_type": 39,
        "codename": "delete_user"
    }
},
{
    "model": "auth.permission",
    "pk": 116,
    "fields": {
        "name": "Can add content type",
        "content_type": 40,
        "codename": "add_contenttype"
    }
},
{
    "model": "auth.permission",
    "pk": 117,
    "fields": {
        "name": "Can change content type",
        "content_type": 40,
        "codename": "change_contenttype"
    }
},
{
    "model": "auth.permission",
    "pk": 118,
    "fields": {
        "name": "Can delete content type",
        "content_type": 40,
        "codename": "delete_contenttype"
    }
},
{
    "model": "auth.permission",
    "pk": 119,
    "fields": {
        "name": "Can add session",
        "content_type": 41,
        "codename": "add_session"
    }
},
{
    "model": "auth.permission",
    "pk": 120,
    "fields": {
        "name": "Can change session",
        "content_type": 41,
        "codename": "change_session"
    }
},
{
    "model": "auth.permission",
    "pk": 121,
    "fields": {
        "name": "Can delete session",
        "content_type": 41,
        "codename": "delete_session"
    }
},
{
    "model": "auth.group",
    "pk": 1,
    "fields": {
        "name": "Moderators",
        "permissions": [
            4,
            5,
            6,
            7,
            1,
            2,
            3
        ]
    }
},
{
    "model": "auth.group",
    "pk": 2,
    "fields": {
        "name": "Editors",
        "permissions": [
            4,
            5,
            6,
            7,
            1,
            2,
            3
        ]
    }
},
{
    "model": "auth.user",
    "pk": 1,
    "fields": {
        "password": "pbkdf2_sha256$36000$ANCCFiWHJ0A5$AndX6lE9x142R6F9IFS0HrmqIGHZBInlJJmcRMdt3Qc=",
        "last_login": "2018-08-18T03:54:00.896Z",
        "is_superuser": true,
        "username": "test",
        "first_name": "",
        "last_name": "",
        "email": "test@example.com",
        "is_staff": true,
        "is_active": true,
        "date_joined": "2018-08-18T03:30:47.664Z",
        "groups": [],
        "user_permissions": []
    }
},
{
    "model": "wagtailcore.groupcollectionpermission",
    "pk": 1,
    "fields": {
        "group": 1,
        "collection": 1,
        "permission": 1
    }
},
{
    "model": "wagtailcore.groupcollectionpermission",
    "pk": 2,
    "fields": {
        "group": 2,
        "collection": 1,
        "permission": 1
    }
},
{
    "model": "wagtailcore.groupcollectionpermission",
    "pk": 3,
    "fields": {
        "group": 1,
        "collection": 1,
        "permission": 2
    }
},
{
    "model": "wagtailcore.groupcollectionpermission",
    "pk": 4,
    "fields": {
        "group": 2,
        "collection": 1,
        "permission": 2
    }
},
{
    "model": "wagtailcore.groupcollectionpermission",
    "pk": 5,
    "fields": {
        "group": 1,
        "collection": 1,
        "permission": 5
    }
},
{
    "model": "wagtailcore.groupcollectionpermission",
    "pk": 6,
    "fields": {
        "group": 2,
        "collection": 1,
        "permission": 5
    }
},
{
    "model": "wagtailcore.groupcollectionpermission",
    "pk": 7,
    "fields": {
        "group": 1,
        "collection": 1,
        "permission": 6
    }
},
{
    "model": "wagtailcore.groupcollectionpermission",
    "pk": 8,
    "fields": {
        "group": 2,
        "collection": 1,
        "permission": 6
    }
},
{
    "model": "wagtailcore.grouppagepermission",
    "pk": 1,
    "fields": {
        "group": 1,
        "page": 1,
        "permission_type": "add"
    }
},
{
    "model": "wagtailcore.grouppagepermission",
    "pk": 2,
    "fields": {
        "group": 1,
        "page": 1,
        "permission_type": "edit"
    }
},
{
    "model": "wagtailcore.grouppagepermission",
    "pk": 3,
    "fields": {
        "group": 1,
        "page": 1,
        "permission_type": "publish"
    }
},
{
    "model": "wagtailcore.grouppagepermission",
    "pk": 4,
    "fields": {
        "group": 2,
        "page": 1,
        "permission_type": "add"
    }
},
{
    "model": "wagtailcore.grouppagepermission",
    "pk": 5,
    "fields": {
        "group": 2,
        "page": 1,
        "permission_type": "edit"
    }
},
{
    "model": "wagtailcore.grouppagepermission",
    "pk": 6,
    "fields": {
        "group": 1,
        "page": 1,
        "permission_type": "lock"
    }
},
{
    "model": "wagtailcore.pagerevision",
    "pk": 1,
    "fields": {
        "page": 3,
        "submitted_for_moderation": false,
        "created_at": "2018-08-18T03:32:39.825Z",
        "user": 1,
        "content_json": "{\"pk\": 3, \"path\": \"00010001\", \"depth\": 2, \"numchild\": 0, \"title\": \"Home\", \"draft_title\": \"Home\", \"slug\": \"home\", \"content_type\": 5, \"live\": true, \"has_unpublished_changes\": false, \"url_path\": \"/home/\", \"owner\": 1, \"seo_title\": \"\", \"show_in_menus\": false, \"search_description\": \"\", \"go_live_at\": null, \"expire_at\": null, \"expired\": false, \"locked\": false, \"first_published_at\": null, \"last_published_at\": null, \"latest_revision_created_at\": null, \"live_revision\": null, \"organisation_name\": \"doolay\", \"strapline\": \"doolay\", \"featured_page_1\": null, \"featured_page_2\": null, \"featured_page_3\": null, \"copyright_notice\": null}",
        "approved_go_live_at": null
    }
},
{
    "model": "wagtailcore.pagerevision",
    "pk": 2,
    "fields": {
        "page": 4,
        "submitted_for_moderation": false,
        "created_at": "2018-08-18T03:34:00.618Z",
        "user": 1,
        "content_json": "{\"pk\": 4, \"path\": \"000100010001\", \"depth\": 3, \"numchild\": 0, \"title\": \"Experiences\", \"draft_title\": \"Experiences\", \"slug\": \"experiences\", \"content_type\": 12, \"live\": true, \"has_unpublished_changes\": false, \"url_path\": \"/home/experiences/\", \"owner\": 1, \"seo_title\": \"\", \"show_in_menus\": false, \"search_description\": \"\", \"go_live_at\": null, \"expire_at\": null, \"expired\": false, \"locked\": false, \"first_published_at\": null, \"last_published_at\": null, \"latest_revision_created_at\": null, \"live_revision\": null, \"image\": null, \"introduction\": \"This is experiences page\"}",
        "approved_go_live_at": null
    }
},
{
    "model": "wagtailcore.pagerevision",
    "pk": 3,
    "fields": {
        "page": 5,
        "submitted_for_moderation": false,
        "created_at": "2018-08-18T03:34:22.428Z",
        "user": 1,
        "content_json": "{\"pk\": 5, \"path\": \"000100010002\", \"depth\": 3, \"numchild\": 0, \"title\": \"Hosts\", \"draft_title\": \"Hosts\", \"slug\": \"hosts\", \"content_type\": 8, \"live\": true, \"has_unpublished_changes\": false, \"url_path\": \"/home/hosts/\", \"owner\": 1, \"seo_title\": \"\", \"show_in_menus\": false, \"search_description\": \"\", \"go_live_at\": null, \"expire_at\": null, \"expired\": false, \"locked\": false, \"first_published_at\": null, \"last_published_at\": null, \"latest_revision_created_at\": null, \"live_revision\": null, \"image\": null, \"introduction\": \"This is hosts\"}",
        "approved_go_live_at": null
    }
},
{
    "model": "wagtailcore.pagerevision",
    "pk": 4,
    "fields": {
        "page": 6,
        "submitted_for_moderation": false,
        "created_at": "2018-08-18T03:34:40.130Z",
        "user": 1,
        "content_json": "{\"pk\": 6, \"path\": \"000100010003\", \"depth\": 3, \"numchild\": 0, \"title\": \"Places\", \"draft_title\": \"Places\", \"slug\": \"places\", \"content_type\": 6, \"live\": true, \"has_unpublished_changes\": false, \"url_path\": \"/home/places/\", \"owner\": 1, \"seo_title\": \"\", \"show_in_menus\": false, \"search_description\": \"\", \"go_live_at\": null, \"expire_at\": null, \"expired\": false, \"locked\": false, \"first_published_at\": null, \"last_published_at\": null, \"latest_revision_created_at\": null, \"live_revision\": null, \"image\": null, \"introduction\": \"This is places\"}",
        "approved_go_live_at": null
    }
},
{
    "model": "wagtailcore.pagerevision",
    "pk": 5,
    "fields": {
        "page": 7,
        "submitted_for_moderation": false,
        "created_at": "2018-08-18T03:36:09.681Z",
        "user": 1,
        "content_json": "{\"pk\": 7, \"path\": \"0001000100030001\", \"depth\": 4, \"numchild\": 0, \"title\": \"Yangon\", \"draft_title\": \"Yangon\", \"slug\": \"yangon\", \"content_type\": 7, \"live\": true, \"has_unpublished_changes\": false, \"url_path\": \"/home/places/yangon/\", \"owner\": 1, \"seo_title\": \"\", \"show_in_menus\": false, \"search_description\": \"\", \"go_live_at\": null, \"expire_at\": null, \"expired\": false, \"locked\": false, \"first_published_at\": null, \"last_published_at\": null, \"latest_revision_created_at\": null, \"live_revision\": null, \"image\": null, \"body\": \"[{\\\"type\\\": \\\"paragraph\\\", \\\"value\\\": \\\"<p>Yangon is my home town!</p>\\\", \\\"id\\\": \\\"3373807c-c36b-46eb-baae-e04a32f756bf\\\"}]\"}",
        "approved_go_live_at": null
    }
},
{
    "model": "wagtailcore.pagerevision",
    "pk": 6,
    "fields": {
        "page": 8,
        "submitted_for_moderation": false,
        "created_at": "2018-08-18T03:37:11.681Z",
        "user": 1,
        "content_json": "{\"pk\": 8, \"path\": \"0001000100020001\", \"depth\": 4, \"numchild\": 0, \"title\": \"ypa\", \"draft_title\": \"ypa\", \"slug\": \"ypa\", \"content_type\": 9, \"live\": true, \"has_unpublished_changes\": false, \"url_path\": \"/home/hosts/ypa/\", \"owner\": 1, \"seo_title\": \"\", \"show_in_menus\": false, \"search_description\": \"\", \"go_live_at\": null, \"expire_at\": null, \"expired\": false, \"locked\": false, \"first_published_at\": null, \"last_published_at\": null, \"latest_revision_created_at\": null, \"live_revision\": null, \"image\": null, \"email_address\": \"test@example.com\", \"body\": \"[{\\\"type\\\": \\\"paragraph\\\", \\\"value\\\": \\\"<p>Hi, this is Yan.</p>\\\", \\\"id\\\": \\\"01592121-e7e6-48e7-a507-cfe16f70051d\\\"}]\", \"host_language_relationship\": [{\"pk\": 1, \"host_page\": 8, \"host_languages\": 2}, {\"pk\": 2, \"host_page\": 8, \"host_languages\": 1}]}",
        "approved_go_live_at": null
    }
},
{
    "model": "wagtailcore.pagerevision",
    "pk": 7,
    "fields": {
        "page": 9,
        "submitted_for_moderation": false,
        "created_at": "2018-08-18T03:38:12.823Z",
        "user": 1,
        "content_json": "{\"pk\": 9, \"path\": \"0001000100010001\", \"depth\": 4, \"numchild\": 0, \"title\": \"Beautiful Yangon\", \"draft_title\": \"Beautiful Yangon\", \"slug\": \"beautiful-yangon\", \"content_type\": 13, \"live\": true, \"has_unpublished_changes\": false, \"url_path\": \"/home/experiences/beautiful-yangon/\", \"owner\": 1, \"seo_title\": \"\", \"show_in_menus\": false, \"search_description\": \"\", \"go_live_at\": null, \"expire_at\": null, \"expired\": false, \"locked\": false, \"first_published_at\": null, \"last_published_at\": null, \"latest_revision_created_at\": null, \"live_revision\": null, \"image\": null, \"host\": 8, \"place\": 7, \"duration\": \"00:45:00\", \"body\": \"[{\\\"type\\\": \\\"paragraph\\\", \\\"value\\\": \\\"<p>Unforgettable Yangon experience.</p>\\\", \\\"id\\\": \\\"70c78c1d-3e21-4ee7-9510-793931f4baa0\\\"}]\"}",
        "approved_go_live_at": null
    }
},
{
    "model": "wagtailcore.pagerevision",
    "pk": 8,
    "fields": {
        "page": 3,
        "submitted_for_moderation": false,
        "created_at": "2018-08-18T03:40:02.351Z",
        "user": 1,
        "content_json": "{\"pk\": 3, \"path\": \"00010001\", \"depth\": 2, \"numchild\": 3, \"title\": \"Home\", \"draft_title\": \"Home\", \"slug\": \"home\", \"content_type\": 5, \"live\": true, \"has_unpublished_changes\": false, \"url_path\": \"/home/\", \"owner\": 1, \"seo_title\": \"\", \"show_in_menus\": false, \"search_description\": \"\", \"go_live_at\": null, \"expire_at\": null, \"expired\": false, \"locked\": false, \"first_published_at\": \"2018-08-18T03:32:39.916Z\", \"last_published_at\": \"2018-08-18T03:32:39.916Z\", \"latest_revision_created_at\": \"2018-08-18T03:32:39.825Z\", \"live_revision\": 1, \"organisation_name\": \"doolay\", \"strapline\": \"doolay\", \"featured_page_1\": 6, \"featured_page_2\": 5, \"featured_page_3\": 4, \"copyright_notice\": \"Please contact us for these experiences\"}",
        "approved_go_live_at": null
    }
},
{
    "model": "wagtailcore.page",
    "pk": 1,
    "fields": {
        "path": "0001",
        "depth": 1,
        "numchild": 1,
        "title": "Root",
        "draft_title": "Root",
        "slug": "root",
        "content_type": 1,
        "live": true,
        "has_unpublished_changes": false,
        "url_path": "/",
        "owner": null,
        "seo_title": "",
        "show_in_menus": false,
        "search_description": "",
        "go_live_at": null,
        "expire_at": null,
        "expired": false,
        "locked": false,
        "first_published_at": null,
        "last_published_at": null,
        "latest_revision_created_at": null,
        "live_revision": null
    }
},
{
    "model": "wagtailcore.page",
    "pk": 3,
    "fields": {
        "path": "00010001234",
        "depth": 2,
        "numchild": 3,
        "title": "Home",
        "draft_title": "Home",
        "slug": "home",
        "content_type": 5,
        "live": true,
        "has_unpublished_changes": false,
        "url_path": "/home/",
        "owner": 1,
        "seo_title": "",
        "show_in_menus": false,
        "search_description": "",
        "go_live_at": null,
        "expire_at": null,
        "expired": false,
        "locked": false,
        "first_published_at": "2018-08-18T03:32:39.916Z",
        "last_published_at": "2018-08-18T03:40:02.428Z",
        "latest_revision_created_at": "2018-08-18T03:40:02.351Z",
        "live_revision": 8
    }
},
{
    "model": "wagtailcore.page",
    "pk": 4,
    "fields": {
        "path": "000100010001",
        "depth": 3,
        "numchild": 1,
        "title": "Experiences",
        "draft_title": "Experiences",
        "slug": "experiences",
        "content_type": 12,
        "live": true,
        "has_unpublished_changes": false,
        "url_path": "/home/experiences/",
        "owner": 1,
        "seo_title": "",
        "show_in_menus": false,
        "search_description": "",
        "go_live_at": null,
        "expire_at": null,
        "expired": false,
        "locked": false,
        "first_published_at": "2018-08-18T03:34:00.668Z",
        "last_published_at": "2018-08-18T03:34:00.668Z",
        "latest_revision_created_at": "2018-08-18T03:34:00.618Z",
        "live_revision": 2
    }
},
{
    "model": "wagtailcore.page",
    "pk": 5,
    "fields": {
        "path": "000100010002",
        "depth": 3,
        "numchild": 1,
        "title": "Hosts",
        "draft_title": "Hosts",
        "slug": "hosts",
        "content_type": 8,
        "live": true,
        "has_unpublished_changes": false,
        "url_path": "/home/hosts/",
        "owner": 1,
        "seo_title": "",
        "show_in_menus": false,
        "search_description": "",
        "go_live_at": null,
        "expire_at": null,
        "expired": false,
        "locked": false,
        "first_published_at": "2018-08-18T03:34:22.481Z",
        "last_published_at": "2018-08-18T03:34:22.481Z",
        "latest_revision_created_at": "2018-08-18T03:34:22.428Z",
        "live_revision": 3
    }
},
{
    "model": "wagtailcore.page",
    "pk": 6,
    "fields": {
        "path": "000100010003",
        "depth": 3,
        "numchild": 1,
        "title": "Places",
        "draft_title": "Places",
        "slug": "places",
        "content_type": 6,
        "live": true,
        "has_unpublished_changes": false,
        "url_path": "/home/places/",
        "owner": 1,
        "seo_title": "",
        "show_in_menus": false,
        "search_description": "",
        "go_live_at": null,
        "expire_at": null,
        "expired": false,
        "locked": false,
        "first_published_at": "2018-08-18T03:34:40.198Z",
        "last_published_at": "2018-08-18T03:34:40.198Z",
        "latest_revision_created_at": "2018-08-18T03:34:40.130Z",
        "live_revision": 4
    }
},
{
    "model": "wagtailcore.page",
    "pk": 7,
    "fields": {
        "path": "0001000100030001",
        "depth": 4,
        "numchild": 0,
        "title": "Yangon",
        "draft_title": "Yangon",
        "slug": "yangon",
        "content_type": 7,
        "live": true,
        "has_unpublished_changes": false,
        "url_path": "/home/places/yangon/",
        "owner": 1,
        "seo_title": "",
        "show_in_menus": false,
        "search_description": "",
        "go_live_at": null,
        "expire_at": null,
        "expired": false,
        "locked": false,
        "first_published_at": "2018-08-18T03:36:09.733Z",
        "last_published_at": "2018-08-18T03:36:09.733Z",
        "latest_revision_created_at": "2018-08-18T03:36:09.681Z",
        "live_revision": 5
    }
},
{
    "model": "wagtailcore.page",
    "pk": 8,
    "fields": {
        "path": "0001000100020001",
        "depth": 4,
        "numchild": 0,
        "title": "ypa",
        "draft_title": "ypa",
        "slug": "ypa",
        "content_type": 9,
        "live": true,
        "has_unpublished_changes": false,
        "url_path": "/home/hosts/ypa/",
        "owner": 1,
        "seo_title": "",
        "show_in_menus": false,
        "search_description": "",
        "go_live_at": null,
        "expire_at": null,
        "expired": false,
        "locked": false,
        "first_published_at": "2018-08-18T03:37:11.741Z",
        "last_published_at": "2018-08-18T03:37:11.741Z",
        "latest_revision_created_at": "2018-08-18T03:37:11.681Z",
        "live_revision": 6
    }
},
{
    "model": "wagtailcore.page",
    "pk": 9,
    "fields": {
        "path": "0001000100010001",
        "depth": 4,
        "numchild": 0,
        "title": "Beautiful Yangon",
        "draft_title": "Beautiful Yangon",
        "slug": "beautiful-yangon",
        "content_type": 13,
        "live": true,
        "has_unpublished_changes": false,
        "url_path": "/home/experiences/beautiful-yangon/",
        "owner": 1,
        "seo_title": "",
        "show_in_menus": false,
        "search_description": "",
        "go_live_at": null,
        "expire_at": null,
        "expired": false,
        "locked": false,
        "first_published_at": "2018-08-18T03:38:12.880Z",
        "last_published_at": "2018-08-18T03:38:12.880Z",
        "latest_revision_created_at": "2018-08-18T03:38:12.823Z",
        "live_revision": 7
    }
},
{
    "model": "experiences.experienceindexpage",
    "pk": 4,
    "fields": {
        "image": null,
        "introduction": "This is experiences page"
    }
},
{
    "model": "experiences.experiencepage",
    "pk": 9,
    "fields": {
        "image": null,
        "host": 8,
        "place": 7,
        "duration": "00:45:00",
        "body": "[{\"type\": \"paragraph\", \"value\": \"<p>Unforgettable Yangon experience.</p>\", \"id\": \"70c78c1d-3e21-4ee7-9510-793931f4baa0\"}]"
    }
},
{
    "model": "hosts.hostindexpage",
    "pk": 5,
    "fields": {
        "image": null,
        "introduction": "This is hosts"
    }
},
{
    "model": "hosts.hostpage",
    "pk": 8,
    "fields": {
        "image": null,
        "email_address": "test@example.com",
        "body": "[{\"type\": \"paragraph\", \"value\": \"<p>Hi, this is Yan.</p>\", \"id\": \"01592121-e7e6-48e7-a507-cfe16f70051d\"}]"
    }
},
{
    "model": "places.placeindexpage",
    "pk": 6,
    "fields": {
        "image": null,
        "introduction": "This is places"
    }
},
{
    "model": "places.placepage",
    "pk": 7,
    "fields": {
        "image": null,
        "body": "[{\"type\": \"paragraph\", \"value\": \"<p>Yangon is my home town!</p>\", \"id\": \"3373807c-c36b-46eb-baae-e04a32f756bf\"}]"
    }
},
{
    "model": "home.homepage",
    "pk": 3,
    "fields": {
        "organisation_name": "doolay",
        "strapline": "doolay",
        "featured_page_1": 6,
        "featured_page_2": 5,
        "featured_page_3": 4,
        "copyright_notice": "Please contact us for these experiences"
    }
}
]
